,Metropolitan Statistical Area,All Violent,Murder,Rape,Robbery,Assault,All Property,Burglary,Larceny,Car Theft
0,"Abilene, TX M.S.A.",0.30252230655021567,0.20836133888963554,0.42715630950925043,0.2121809988559156,0.3175491972381842,0.31986034483337933,0.3622457368810677,0.31270252630792106,0.2032028046092144
1,"Akron, OH M.S.A.",0.21791618630224752,0.24868933996504886,0.3572738866856512,0.30674309463214205,0.16500209712342792,0.2816872016424441,0.3402381415680752,0.26372119311561193,0.22345466661740548
2,"Albany, GA M.S.A.",0.40479344091589137,0.5847560155934931,0.21750904103845264,0.43895491372668094,0.40675678265072146,0.39902739393887915,0.5090109075817421,0.35638273934938847,0.39874274251262676
3,"Albany-Schenectady-Troy, NY M.S.A.",0.22199272802171854,0.10082000268853333,0.18344135991194804,0.28748044549254037,0.20162191738824034,0.2381820210773755,0.18385137944181842,0.2639373059275167,0.144226098355631
4,"Albuquerque, NM M.S.A.",0.4794585208304127,0.3898373437289955,0.3913415678121558,0.36277989212916517,0.5275808989314251,0.3445132804869182,0.3305088457608632,0.3287711494989614,0.5328429098641622
5,"Alexandria, LA M.S.A.",0.45628659947763023,0.3898373437289955,0.20178549590314285,0.3861285577529248,0.5074612883789554,0.40612793458801527,0.43200227471653985,0.40378772026662724,0.2918731193477807
6,"Allentown-Bethlehem-Easton, PA-NJ M.S.A.",0.16320470533040002,0.23524667293991106,0.17732664791488312,0.2731793877979876,0.11805633916766554,0.2032010262978204,0.15516611246778736,0.22349878506462148,0.14737334718122821
7,"Altoona, PA M.S.A.",0.17421851980054973,0.05377066810055111,0.33194150841209646,0.14534544350790365,0.16500209712342792,0.16019986916612758,0.15272481315084854,0.1675764168546636,0.0930490957133103
8,"Amarillo, TX M.S.A.",0.3669602730281694,0.3831160102164266,0.35640035640035617,0.2886478787737284,0.3915340085290116,0.42556378558029595,0.40827140929747296,0.4310179345666339,0.3899851805631388
9,"Ames, IA M.S.A.",0.21419723596167753,0.07393466863825778,0.36426212896801113,0.03619043171682742,0.2601710486255857,0.22354765647672742,0.17182439015984044,0.24994082322709307,0.11398514224880511
10,"Anchorage, AK M.S.A.",0.5813720638171875,0.2822960075278933,0.750362515068397,0.433409605641038,0.6114658360496581,0.3100451516571138,0.14938597732032932,0.3576539911841227,0.37876455431535727
11,"Anderson, IN M.S.A.",0.14718461155563684,0.15459067078908442,0.2917591152885269,0.20605197412967868,0.10592070105665213,0.29656031418521756,0.30448028686703027,0.2917014459981119,0.2888627074276442
12,"Anderson, SC M.S.A.",0.41909709607192996,0.356230676166151,0.31796502384737657,0.22152046510541945,0.49862569221041064,0.41628798590290633,0.46585735200879425,0.38667667057110466,0.5041071597174046
13,"Ann Arbor, MI M.S.A.",0.24208936351595273,0.09409866917596442,0.37736508324743595,0.2037171075673027,0.2384546435848249,0.2399593668687533,0.2368419352036079,0.2389317823382948,0.2386435631235488
14,"Appleton, WI M.S.A.",0.11142547366554043,0.0,0.186935481053128,0.04027644820098535,0.12827582389272946,0.18893804738492287,0.13588702815607942,0.21715523840929776,0.06841845273037522
15,"Asheville, NC M.S.A.",0.16427747946710292,0.12770533673880888,0.19042960219430796,0.1748231338579002,0.15552778315956658,0.21707493449021725,0.2691173482319607,0.19512444411335395,0.23303324999965802
16,"Athens-Clarke County, GA M.S.A.",0.2681220158999429,0.2822960075278933,0.1712119359178182,0.20576011580938167,0.2986005693104615,0.33987980190641087,0.36547686832995735,0.3290126873475609,0.3249876504692823
17,"Atlanta-Sandy Springs-Marietta, GA M.S.A.",0.29594262517843795,0.41000134426670215,0.18256782962665305,0.43691190548460196,0.2523999821159017,0.30618097200123273,0.34357697739859444,0.27150125434418526,0.5062965502047766
18,"Atlantic City-Hammonton, NJ M.S.A.",0.3789038250834616,0.537706681005511,0.1650972239207532,0.7165121763291235,0.27411638715666253,0.31393585886211994,0.26620932992796004,0.3414201052545668,0.16844623062218378
19,"Augusta-Richmond County, GA-SC M.S.A.",0.29529896069641615,0.6855760182820265,0.3267003267003265,0.45705012958509467,0.22216733980425424,0.4257936910060463,0.4865006918211445,0.38616816983721103,0.5781359255716706
20,"Austin-Round Rock-San Marcos, TX M.S.A.",0.23450842628325225,0.22852533942734218,0.2157619804678627,0.24516098904947603,0.22972550038216616,0.3353082209405287,0.2708047168774919,0.36445518849995073,0.23371743452696175
21,"Bakersfield-Delano, CA M.S.A.",0.42410337537654347,0.6049200161311998,0.17383252677370314,0.43311774732074104,0.44252497918844513,0.3283314755206426,0.41214876703614045,0.24555500439726002,0.8669986329993149
22,"Baltimore-Towson, MD M.S.A.",0.49011474392166143,0.6922973517945955,0.2061531473296178,0.625744238716758,0.46519946092218073,0.27329565360255587,0.2331799862281997,0.2714758293074906,0.41831041999351415
23,"Bangor, ME M.S.A.",0.048918500633651905,0.13442667025137775,0.11006481594716883,0.07938546312078272,0.028316488925697957,0.2739588423306819,0.2058230732942677,0.3088252082119817,0.13095291852593818
24,"Barnstable Town, MA M.S.A.",0.31081842654071806,0.03360666756284444,0.3153444329914917,0.1681103924910693,0.3622594429103389,0.2628703267964145,0.40087570842557,0.22433781127554606,0.12520576849658666
25,"Battle Creek, MI M.S.A.",0.4989114918426252,0.3024600080655999,0.6577683048271279,0.31987671904550685,0.5411004255989575,0.3274825939486413,0.4112871319831032,0.3065115298727654,0.2008765772163817
26,"Bay City, MI M.S.A.",0.23972926041520634,0.06049200161311999,0.6822271528153877,0.1482640267108736,0.21844148599824134,0.2186223748558447,0.21903481077417186,0.22585060095887977,0.11726922797986314
27,"Beaumont-Port Arthur, TX M.S.A.",0.35637556821270083,0.3763946767038577,0.3293209175562115,0.4608442877489556,0.31616530868166515,0.3417897854434139,0.4153439970244869,0.31633830655526085,0.3011780289191117
28,"Bellingham, WA M.S.A.",0.19095379633311485,0.1680333378142222,0.3904680375268609,0.14768031007027962,0.18001196531336555,0.28276598864019586,0.24922793909101806,0.30162992282738604,0.1789826723426616
29,"Bend, OR M.S.A.2",0.21805922285380794,0.2890173410404622,0.2533237827355473,0.09018422097177155,0.25623228888780064,0.26294990944378954,0.1786097662025086,0.30004085803396824,0.1587308103344705
30,"Billings, MT M.S.A.",0.15605287775238075,0.12770533673880888,0.17208546620311316,0.08347147960494065,0.1787345297227326,0.33625437019265514,0.23432883296558268,0.36526878967418064,0.3786277174098965
31,"Binghamton, NY M.S.A.",0.15834146257734694,0.1680333378142222,0.17732664791488312,0.1488477433514676,0.1571245776478578,0.22165535797247443,0.16281312356349276,0.25585214425860714,0.05555578361706469
32,"Bismarck, ND M.S.A.",0.1634192601577406,0.12098400322623998,0.29001205471793695,0.049615914450489206,0.1878894847889357,0.15694582314012245,0.0788037058923631,0.18473831662357543,0.1397104804754262
33,"Blacksburg-Christiansburg-Radford, VA M.S.A.",0.123512062272393,0.20836133888963554,0.24982966159436734,0.0744238716757338,0.12295317559842533,0.22416663262297842,0.17925599249228652,0.24822463325020186,0.11384830534334436
34,"Bloomington, IN M.S.A.",0.1825146397910521,0.14114800376394665,0.25681790387672726,0.14184314366433973,0.1863991432665305,0.26566456197091887,0.2664606401517626,0.27042069028466115,0.18486665927747384
35,"Bloomington-Normal, IL M.S.A.2",0.2652612848687352,0.040328001075413324,0.3957092192386307,0.2174344486212615,0.26655822657875067,0.21338760516183644,0.21257254787639268,0.22263433381700223,0.09551216001160381
36,"Boise City-Nampa, ID M.S.A.",0.1547655487883373,0.10754133620110222,0.2943797061444119,0.05311821429405314,0.17330542846254238,0.18276597095516317,0.1437494480150441,0.20178580372736116,0.10837482912491436
37,"Boston-Cambridge-Quincy, MA-NH M.S.A.",0.29036419966758287,0.23524667293991106,0.19741784447666794,0.29915477830442017,0.2954069803338791,0.19360689603093026,0.16460819659065365,0.19937042524136617,0.22263364518464093
38,"Boston-Quincy, MA M.D.",0.4042212947096499,0.3898373437289955,0.23497964674435248,0.47572906208410237,0.39334370894907494,0.2129720068922108,0.17807124429436033,0.21832479009725328,0.26696880255392413
39,"Cambridge-Newton-Framingham, MA M.D.",0.21183713286093117,0.08737733566339555,0.14937367878544341,0.1797847253029491,0.23004485927982438,0.17305688797539784,0.1485961451883785,0.18154747451839254,0.15749927818532378
40,"Peabody, MA M.D.",0.26132777970082455,0.19491867186449774,0.18606195076783302,0.2095542739732426,0.2867842900971063,0.1944115650210565,0.18596956561386827,0.18447135373828122,0.3140406980324223
41,"Rockingham County-Strafford County, NH M.D.",0.10348694505393902,0.09409866917596442,0.2157619804678627,0.07763431319900076,0.09793672861519594,0.1772924533190295,0.12278299505780492,0.2027900926768012,0.09263858499692805
42,"Boulder, CO M.S.A.",0.14146314949322142,0.15459067078908442,0.1650972239207532,0.0685867052697939,0.16297949077159235,0.2018746488415683,0.13915406106551223,0.22905415558241,0.1280793435112624
43,"Bowling Green, KY M.S.A.",0.10942296194369502,0.0,0.3432974021209313,0.1433024352658247,0.06876861596240931,0.2481121669665162,0.2331799862281997,0.25697084587317326,0.1847298223720131
44,"Bremerton-Silverdale, WA M.S.A.",0.30245078827443544,0.026885334050275555,0.5983682454270686,0.14038385206285472,0.3255331696796404,0.24284202720700787,0.25432594648815493,0.23908433255846293,0.2152444522897605
45,"Bridgeport-Stamford-Norwalk, CT M.S.A.",0.20203912907904475,0.25541067347761776,0.13976484564719852,0.3227953022484768,0.16191496111273151,0.1576266969009985,0.13315851715479485,0.15588089997510887,0.2538324596296921
46,"Brownsville-Harlingen, TX M.S.A.",0.23930015076052522,0.18147600483935997,0.2192561016090427,0.2296924980737353,0.24281921518615424,0.40683533589801646,0.3193075900713792,0.4511545636288239,0.2224968082791802
47,"Brunswick, GA M.S.A.",0.4064383612588358,0.39655867724156435,0.22362375303551763,0.43691190548460196,0.4120794309450255,0.4688921158178643,0.5491128390085165,0.4572438599172007,0.24124346432730306
48,"Buffalo-Niagara Falls, NY M.S.A.",0.3459338999487927,0.41000134426670215,0.22624434389140255,0.5087090522776628,0.2954069803338791,0.2740737950435571,0.266855556217738,0.27565824784376614,0.2569797084552894
49,"Burlington, NC M.S.A.",0.29079330932226405,0.39655867724156435,0.1319030730795436,0.18387074178710705,0.3435237209143883,0.338677219679409,0.37438043054467535,0.33466975801212817,0.21182352965324172
50,"Canton-Massillon, OH M.S.A.",0.1765786229012961,0.1680333378142222,0.2681737975855621,0.31462326928016093,0.11273369087336142,0.22587323828335612,0.272133070917591,0.21293468231798018,0.1659831663238903
51,"Cape Coral-Fort Myers, FL M.S.A.",0.27591750795998393,0.3024600080655999,0.19741784447666794,0.2924420369375893,0.2753938227472955,0.2376426275784997,0.29460738521764535,0.21812138980369578,0.20676056415119393
52,"Cape Girardeau-Jackson, MO-IL M.S.A.2",0.3874144999013046,0.07393466863825778,0.2707943884414471,0.20926241565294565,0.4660510846492693,0.3288531839867685,0.2724920855230232,0.3609083958810423,0.16557265560750806
53,"Carson City, NV M.S.A.",0.2101922125179867,0.0,0.01572354513530983,0.10594457026780928,0.2723066867365992,0.18176676660478658,0.1830256458493244,0.1771235181335175,0.20853944392218368
54,"Casper, WY M.S.A.",0.13423980363942192,0.26213200699018663,0.1126854068030538,0.09076793761236554,0.1488212463087434,0.32598820868126394,0.2379548804804476,0.3621923602341238,0.23919091074539178
55,"Cedar Rapids, IA M.S.A.",0.13795875397999197,0.05377066810055111,0.1939237233354879,0.14563730182820064,0.12774355906329904,0.22454686082710404,0.2060025805969838,0.23330013671042224,0.17843532472081858
56,"Charleston-North Charleston-Summerville, SC M.S.A.",0.3674609009586307,0.40328001075413333,0.22624434389140255,0.3586938756450072,0.38216614753103634,0.31646481854537395,0.27023029350880046,0.32420735541226564,0.37753302216621043
57,"Charlottesville, VA M.S.A.",0.14561120948847261,0.20164000537706667,0.2707943884414471,0.11674332811879812,0.13796304378836297,0.2012026175970672,0.11962366653000174,0.23303317382512806,0.14928906385767873
58,"Chattanooga, TN-GA M.S.A.",0.37375450922728776,0.30918134157816884,0.22886493474728753,0.3490625510752064,0.39632439199388536,0.33526400835865355,0.3370070101191856,0.3280083983981209,0.37301740428600577
59,"Cheyenne, WY M.S.A.",0.14246440535414412,0.0,0.38959450724156586,0.07296458007424883,0.1378565908224769,0.26847648217817327,0.13172245873306615,0.3228725409857947,0.17720379257167182
60,"Chico, CA M.S.A.",0.2453076859260614,0.21508267240220444,0.3616415381121261,0.20634383244997567,0.24249985628849602,0.2364577303842478,0.298843757561745,0.20116289032834142,0.3548180958597259
61,"Cincinnati-Middletown, OH-KY-IN M.S.A.",0.2246389042255857,0.2822960075278933,0.28302381243557695,0.4611361460692525,0.1273177471997547,0.2954019445400907,0.291412155229299,0.30159178527234404,0.2142865939515352
62,"Clarksville, TN-KY M.S.A.",0.29136545552850557,0.39655867724156435,0.33106797812680144,0.19963109108314478,0.31435560826160175,0.23765147009487467,0.3044084839459438,0.21657046256532003,0.18623502833208133
63,"Cleveland, TN M.S.A.",0.3957106198918069,0.0,0.19130313247960296,0.10244227042424535,0.5283260696926276,0.2464939864698886,0.24901253032775872,0.24769070747961355,0.19923453435085262
64,"Cleveland-Elyria-Mentor, OH M.S.A.",0.29730147241826155,0.3293453421158755,0.28040322157969205,0.5994769898900284,0.18448298988058104,0.2507383943298953,0.3216770864672316,0.2152737856938912,0.33689246124436756
65,"Coeur d'Alene, ID M.S.A.",0.2051859332133732,0.18819733835192884,0.2882649941473469,0.051367064372271176,0.24856767534400273,0.21942704384597095,0.1991813030937724,0.2332238616003382,0.12602678992935115
66,"College Station-Bryan, TX M.S.A.",0.25567783591418936,0.24868933996504886,0.37911214381802594,0.1917509164351259,0.2604904075232439,0.32275184768800885,0.2886836442280144,0.3452592857954641,0.17802481400443632
67,"Colorado Springs, CO M.S.A.",0.3307005072076116,0.24868933996504886,0.5660476248711539,0.2655910714702657,0.322446033668944,0.28606424724807605,0.24732516168222748,0.2911039576357868,0.3507129886959034
68,"Columbia, MO M.S.A.",0.2920091200105273,0.1613120043016533,0.24546201016789237,0.24078311424502113,0.31435560826160175,0.26403753895791626,0.1633157440110978,0.3080116070377518,0.14805753170853198
69,"Columbia, SC M.S.A.",0.5127145190682023,0.356230676166151,0.3170914935620816,0.3546078591608493,0.5896429780430112,0.3460341933034206,0.34705941907128657,0.3317713038289342,0.4610035344972683
70,"Columbus, GA-AL M.S.A.",0.34171432167776133,0.4704933458798221,0.18868254162371798,0.5714585911415169,0.2697518155553332,0.515041208779062,0.5504411930486155,0.490436245322111,0.5931879851723532
71,"Columbus, IN M.S.A.",0.10155595160787383,0.0,0.30748266042383676,0.08376333792523766,0.08313976635703046,0.32186759605050747,0.19778114613258688,0.3610863711379051,0.34031338388088633
72,"Columbus, OH M.S.A.2",0.2639024376289116,0.3898373437289955,0.37736508324743595,0.6234093721543819,0.11315950273690573,0.37666467002646886,0.4192572562236976,0.3581752044363637,0.3754804685842992
73,"Corpus Christi, TX M.S.A.",0.43332923295218834,0.3360666756284444,0.466465172347525,0.32046043568610083,0.4658381787174972,0.4114511294457737,0.3259852617324177,0.45822272382994605,0.19239268907781512
74,"Corvallis, OR M.S.A.2",0.08346182783548503,0.0,0.18082076905606306,0.056912372457914084,0.08154297186873921,0.19393406913680575,0.13617423984042518,0.22146478212904677,0.09811206121535807
75,"Crestview-Fort Walton Beach-Destin, FL M.S.A.",0.26476065693827383,0.11426266971367109,0.25856496444731725,0.185913750029186,0.29306501508438526,0.2589177219767832,0.2341493256628666,0.27200975507807895,0.1863718652375421
76,"Cumberland, MD-WV M.S.A.",0.28063771416147665,0.3360666756284444,0.28739146386205194,0.15993835952275343,0.3191459917264755,0.2716067329749282,0.27676435932766613,0.2843663229116955,0.08716510877849803
77,"Dallas-Fort Worth-Arlington, TX M.S.A.",0.2664770955569985,0.3159026750907377,0.24633554045318737,0.38233439958906384,0.22206088683836817,0.3189760931958779,0.332627031932913,0.3011468471301871,0.4267943081320806
78,"Dallas-Plano-Irving, TX M.D.",0.2553202445352884,0.3159026750907377,0.22973846503258258,0.41414695650143635,0.19597991019627792,0.3061102318702326,0.325698050048072,0.2812517559165967,0.46825589048668803
79,"Fort Worth-Arlington, TX M.D.",0.28921990725509983,0.3226240086033066,0.27952969129439703,0.3175418524831309,0.27550027571318164,0.3452825794115444,0.3467722073869408,0.3418523308783764,0.3419554267464154
80,"Dalton, GA M.S.A.",0.17922479910516323,0.25541067347761776,0.21314138961197773,0.09543767073711747,0.20183482332001246,0.26991781234730056,0.26577851240144146,0.2695435265186946,0.2625900215791801
81,"Danville, IL M.S.A.2",0.4334722695037488,0.08737733566339555,0.6979506979506976,0.3662821919727291,0.4251731457490136,0.347572791152673,0.5134985901496444,0.30384190101982356,0.15093110672320775
82,"Danville, VA M.S.A.",0.14804283086499917,0.7595106869202843,0.22275022275022263,0.18766489995096797,0.11273369087336142,0.2478115214097657,0.2714868446278131,0.24368626420020076,0.17720379257167182
83,"Davenport-Moline-Rock Island, IA-IL M.S.A.2",0.3298422878982493,0.12098400322623998,0.39658274952392575,0.24049125592472415,0.3529980348782497,0.25868781655103285,0.23978585496815175,0.2712597164955858,0.16940408896040904
84,"Dayton, OH M.S.A.",0.22492497732870648,0.3293453421158755,0.276909100438512,0.4170655397044063,0.14360505098032536,0.29716160529871855,0.3364684882110373,0.2850782239391466,0.24740112507303683
85,"Decatur, AL M.S.A.",0.13624231536126732,0.1747546713267911,0.15374133021191838,0.16373251768661437,0.12156928704190625,0.23262007827749173,0.2451710740496344,0.231024595926248,0.17857216162627934
86,"Decatur, IL M.S.A.2",0.3688197481984545,0.25541067347761776,0.24633554045318737,0.3756216582222329,0.377908028895593,0.30347516199047847,0.5685355291623972,0.2182739400238639,0.17994053068088683
87,"Deltona-Daytona Beach-Ormond Beach, FL M.S.A.",0.38884486541690844,0.22852533942734218,0.2533237827355473,0.2866048705316494,0.439757202075407,0.32471488632326195,0.34501303582032317,0.3113041492897134,0.35906003992900914
88,"Denver-Aurora-Broomfield, CO M.S.A.2",0.24108810765503005,0.1680333378142222,0.42715630950925043,0.23319479791729927,0.21908020379355786,0.2450614988171364,0.18977512043144934,0.2480847955483811,0.39874274251262676
89,"Des Moines-West Des Moines, IA M.S.A.",0.20661629872897708,0.10754133620110222,0.2978738272855918,0.1374652688598848,0.21939956269121608,0.25189676397502214,0.22187102615708604,0.26040322582695563,0.2493168417494873
90,"Detroit-Warren-Livonia, MI M.S.A.",0.45442712430734516,0.6116413496437687,0.30398853928265673,0.5273879847766705,0.43741523682591316,0.26088076061203636,0.2893657719783355,0.21212108114375028,0.6507963223713291
91,"Detroit-Livonia-Dearborn, MI M.D.",0.7947110804695028,1.2232826992875374,0.36600918953860107,1.0159588129538406,0.7484708031450463,0.3671766499560789,0.45490740654311285,0.2562335198090274,1.1900705667921467
92,"Warren-Troy-Farmington Hills, MI M.D.",0.19252719840027907,0.13442667025137775,0.2559443735914323,0.15147446823414054,0.19800251654811352,0.17906979911040732,0.16198738997099874,0.17816594463799956,0.235769988108873
93,"Dothan, AL M.S.A.",0.3176841810156165,0.22852533942734218,0.37299743182096107,0.2813514207663035,0.321062145112425,0.29752414847009406,0.3607019740777094,0.28337474648060273,0.1789826723426616
94,"Dover, DE M.S.A.",0.39928653368081657,0.24868933996504886,0.3834797952445009,0.3306754768964957,0.423044086431292,0.3015298083879754,0.2502331799862281,0.3228598284674473,0.23713835716348053
95,"Dubuque, IA M.S.A.",0.30237926999865533,0.0,0.21314138961197773,0.11148987835345223,0.38355003608755545,0.18966313372767404,0.21117239091520715,0.18820883413239983,0.10440655886655259
96,"Durham-Chapel Hill, NC M.S.A.",0.3053830375814234,0.477214679392391,0.20702667761491278,0.44420836349202675,0.25974523676204136,0.3352551658422786,0.44259320557678916,0.2994942197450326,0.27750524427440193
97,"Eau Claire, WI M.S.A.",0.10863626091011291,0.2890173410404622,0.23847376788553246,0.05078334773167718,0.10954010189677893,0.18055534186140967,0.1642850834457647,0.19256922792553816,0.09496481238976082
98,"El Centro, CA M.S.A.",0.2608986700461434,0.12098400322623998,0.1336501336501336,0.18095215858413707,0.3041361235365378,0.301282217929475,0.39990636899090326,0.23405017529291544,0.6187764864935135
99,"Elizabethtown, KY M.S.A.",0.14253592362992432,0.0,0.18431489019724306,0.09748067897919643,0.15414389460304753,0.14692725208723165,0.12414725055844718,0.15923700481880718,0.08648092425119429
100,"Elkhart-Goshen, IN M.S.A.",0.08246057197456233,0.06721333512568888,0.2367267073149425,0.22560648158957736,0.010538843622722172,0.22640378926585694,0.2659580197041575,0.2135321706803053,0.1914348307395899
101,"Elmira, NY M.S.A.",0.16670910084362947,0.30918134157816884,0.11006481594716883,0.13075252749305388,0.18214102463108722,0.19061812549617552,0.164500492209024,0.20891752652022014,0.07389192894880524
102,"El Paso, TX M.S.A.",0.3233341248022518,0.06049200161311999,0.25681790387672726,0.2045926825281937,0.37439508102135227,0.24293929488713303,0.1282041155998308,0.2735988198714967,0.3258086719020468
103,"Erie, PA M.S.A.",0.1935284542612018,0.30918134157816884,0.4123062946592356,0.22589833990987437,0.15041804079703464,0.21974537443547143,0.2291949241079025,0.22456663660579823,0.10974319817952186
104,"Evansville, IN-KY M.S.A.4",0.0,0.15459067078908442,0.22973846503258258,0.14184314366433973,0.0,0.2427270744941327,0.18697480650907833,0.26898417571141153,0.14805753170853198
105,"Fairbanks, AK M.S.A.2",0.56005961763469,0.0,1.6876605111899219,0.2591701884237318,0.5335422650210457,0.3584844563594402,0.15839724391667698,0.42345398614996543,0.38574323649385545
106,"Fargo, ND-MN M.S.A.3",0.0,0.06721333512568888,0.0,0.06450068878563597,0.1568052187501996,0.19676367437681022,0.12852722874471975,0.2226597588536969,0.1581834627126275
107,"Farmington, NM M.S.A.",0.4619365432642655,0.21508267240220444,0.653400653400653,0.0805528964019707,0.575165374682504,0.19390754158768073,0.18155368596705246,0.19746354748926484,0.18322461641194485
108,"Fayetteville, NC M.S.A.",0.3425010227113434,0.42344401129183995,0.18518842048253803,0.49265684466132814,0.30072962862818314,0.4617031500049779,0.6280960522035955,0.4046140339592045,0.3955954936870296
109,"Fayetteville-Springdale-Rogers, AR-MO M.S.A.5",0.23186225007938516,0.05377066810055111,0.5075210957563896,0.05049148941138019,0.26389690243159863,0.0,0.0,0.20548514656643777,0.13847894832627947
110,"Flagstaff, AZ M.S.A.",0.28814713311839685,0.3226240086033066,0.42366218836807046,0.1368815522192908,0.32233958070305796,0.3104519074103645,0.14834483496457598,0.3832824281723644,0.11302728391057987
111,"Flint, MI M.S.A.",0.5914561407021947,0.9275440247345066,0.46908576320341,0.6464661794578446,0.572610503501238,0.326005893714014,0.5421838571236755,0.23956740825566192,0.39970060085085213
112,"Florence, SC M.S.A.",0.49311851150442954,0.6990186853071644,0.2646796764443822,0.4430409302108389,0.5290712404538302,0.42651877734879745,0.4542970817138782,0.419093592356827,0.3576916708744016
113,"Fond du Lac, WI M.S.A.",0.12465635468487611,0.06721333512568888,0.2699208581561521,0.03764972331831239,0.1378565908224769,0.15415158796561804,0.13125573974600432,0.167665404483095,0.08046010041092126
114,"Fort Collins-Loveland, CO M.S.A.",0.17064260601154008,0.0,0.3301944478415064,0.0811366130425647,0.1841636309829228,0.22807502486073458,0.1364614515247709,0.2651577076888616,0.15517305079249102
115,"Fort Smith, AR-OK M.S.A.",0.29966157551900796,0.3159026750907377,0.3625150683974211,0.1488477433514676,0.34256564422141367,0.26641617586279503,0.28125204189556835,0.26635268441351173,0.1839088009392486
116,"Fort Wayne, IN M.S.A.2",0.15097508017198707,0.40328001075413333,0.25070319187966233,0.23728081440145715,0.10134322352355059,0.23780179287324993,0.22542527075086463,0.2499535357454404,0.13026873399863442
117,"Fresno, CA M.S.A.",0.38398162266385527,0.45705067885468437,0.1703384056325232,0.43078288075836507,0.3864242661664796,0.3759218986509677,0.35183431332353454,0.31956728621548575,1.0365395588651845
118,"Gadsden, AL M.S.A.",0.3288410320373266,0.4503293453421155,0.36775625010919105,0.3236708772093678,0.3195718035900198,0.34550364232091973,0.32024102804550286,0.35888710546381486,0.26300053229556236
119,"Gainesville, FL M.S.A.",0.4458449312137221,0.3293453421158755,0.4376386729327903,0.3347614933806536,0.4829771062251565,0.3161199604067484,0.32440559746851616,0.3149272170187059,0.2654635965938559
120,"Gainesville, GA M.S.A.",0.1247278729606563,0.14114800376394665,0.1685913450619332,0.1360059772583998,0.11337240866867791,0.21361751058758682,0.21149550406009612,0.21161258040985664,0.22181262375187646
121,"Glens Falls, NY M.S.A.",0.10463123746642211,0.0,0.23235905588846756,0.03210441523266948,0.1158208268840578,0.13688215348521582,0.11632073216002571,0.1511264181132029,0.04816659072218416
122,"Goldsboro, NC M.S.A.",0.37225262543590365,0.4704933458798221,0.05328534740299443,0.39196572415886477,0.3970695627550879,0.398938968775129,0.6015648728621575,0.33173316627389215,0.3099355908685998
123,"Grand Forks, ND-MN M.S.A.3",0.0,0.06721333512568888,0.0,0.026267248826729577,0.12699838830209648,0.19419934462805616,0.15049892259716904,0.21226091884557108,0.14682599955938525
124,"Grand Junction, CO M.S.A.",0.19009557702375254,0.13442667025137775,0.4332710215063154,0.08930864601088057,0.19534119240096146,0.2280219697624845,0.16202329143154198,0.25412324176336865,0.17583542351706433
125,"Grand Rapids-Wyoming, MI M.S.A.",0.27870672071541147,0.14786933727651555,0.4079386432327607,0.2676340797123447,0.26528079098811763,0.22219475147135034,0.2710201256407513,0.20709963639655016,0.1762459342334466
126,"Great Falls, MT M.S.A.",0.1397467108744968,0.3226240086033066,0.06289418054123933,0.0808447547222677,0.1656408149187444,0.31930326630175343,0.14723188968773626,0.38469351770891935,0.23932774765085255
127,"Greeley, CO M.S.A.",0.1893803942659506,0.08065600215082665,0.23934729817082745,0.08784935440939559,0.21950601565710218,0.194721053094182,0.15746380594255333,0.20732846172680236,0.1814457366409551
128,"Green Bay, WI M.S.A.2",0.11242672952646313,0.06721333512568888,0.2673002673002672,0.07121343015246685,0.10773040147671552,0.16239281322713103,0.13394834928674565,0.17805153197287346,0.08593357662935128
129,"Greensboro-High Point, NC M.S.A.",0.27448714244438005,0.2890173410404622,0.14587955764426344,0.40072147376777456,0.23994498510723003,0.3549297647766846,0.43106883674241625,0.3311865279849564,0.2846207633583609
130,"Greenville-Mauldin-Easley, SC M.S.A.",0.37089377819608,0.30918134157816884,0.2865179335767569,0.2667585047514537,0.41484720805806363,0.30394381535835424,0.30408537080105486,0.2990111440478336,0.32594550880750756
131,"Gulfport-Biloxi, MS M.S.A.",0.1586990539562479,0.3360666756284444,0.30748266042383676,0.2655910714702657,0.09644638709279077,0.3811478258286009,0.43275620538794746,0.3658662780365057,0.3104829384904428
132,"Hagerstown-Martinsburg, MD-WV M.S.A.",0.17572040359193378,0.04704933458798221,0.1528677999266234,0.17248826729552422,0.17916034158627692,0.1818905618340368,0.170101120053766,0.18445864121993388,0.18076155211365133
133,"Hanford-Corcoran, CA M.S.A.",0.25296014143454204,0.13442667025137775,0.16771781477663822,0.16460809264750534,0.2939166388114739,0.1734636437286485,0.18844676639135027,0.14602869825591874,0.39409028772696125
134,"Harrisburg-Carlisle, PA M.S.A.",0.2174155583717862,0.23524667293991106,0.2996208878561818,0.34877069275490935,0.15616650095488308,0.18761166992867076,0.14335453194906872,0.2085997135615366,0.11152207795051161
135,"Harrisonburg, VA M.S.A.",0.08324727300814445,0.05377066810055111,0.20091196561784785,0.03589857339653042,0.08548173160652428,0.12475022101869668,0.08917922798935304,0.14068944055003504,0.07621815634163799
136,"Hartford-West Hartford-East Hartford, CT M.S.A.",0.21269535217029348,0.3024600080655999,0.15461486049721335,0.31170468607719093,0.179266794552163,0.22395441222997808,0.16586474770966628,0.2369613419944568,0.28284188358737117
137,"Hattiesburg, MS M.S.A.",0.10041165919539073,0.2755746740153244,0.22886493474728753,0.15059889327324957,0.06227498504335829,0.22606777364360642,0.2451710740496344,0.22620655147260535,0.12903720184948766
138,"Hickory-Lenoir-Morganton, NC M.S.A.",0.153549738100074,0.23524667293991106,0.15199426964132837,0.15147446823414054,0.15105675859235113,0.2811654931763183,0.35851198498457304,0.25772088445566643,0.2104551605986342
139,"Hinesville-Fort Stewart, GA M.S.A.",0.271125783482711,0.651969350719182,0.19305019305019294,0.2906908870158073,0.26368399649982643,0.3080644279891107,0.3760318977296634,0.28669271376925903,0.24794847269487977
140,"Holland-Grand Haven, MI M.S.A.",0.12858985985278673,0.0,0.5066475654710946,0.032396273552966474,0.11784343323589337,0.15649485480499675,0.13513309748467184,0.17281397441376853,0.04652454785665515
141,"Honolulu, HI M.S.A.",0.191740497366697,0.13442667025137775,0.20003843533255286,0.2737631044385816,0.15904073103380734,0.2946768581973396,0.21759875235244316,0.29440921240609574,0.5617154969163806
142,"Hot Springs, AR M.S.A.",0.40207574643624416,0.6049200161311998,0.4647181117769351,0.2696770879544237,0.4339022889516725,0.48974276943014716,0.7046020646211927,0.4127246206648087,0.45060392968225127
143,"Houma-Bayou Cane-Thibodaux, LA M.S.A.",0.2750592886506216,0.39655867724156435,0.1965443141913729,0.23377851455789322,0.2939166388114739,0.30608370432110754,0.24456074922039975,0.3307161648061048,0.24466438696382184
144,"Houston-Sugar Land-Baytown, TX M.S.A.",0.443913937767657,0.4906573464175288,0.2253708136061076,0.6919960774241759,0.3731176454307193,0.3487400033141748,0.3499674373752872,0.3304364894024633,0.5060228763938551
145,"Huntsville, AL M.S.A.",0.28464273760516745,0.356230676166151,0.2428414193120074,0.39546802400242864,0.24409665077678727,0.3122911508163673,0.3484595760324721,0.29020136883312553,0.3808171078972685
146,"Idaho Falls, ID M.S.A.",0.16105915705699425,0.15459067078908442,0.24546201016789237,0.03414742347474845,0.1949153805374171,0.1767000047219036,0.162849025024036,0.18556463031615267,0.11617453273617714
147,"Iowa City, IA M.S.A.",0.16599391808582753,0.08737733566339555,0.3476650535474063,0.07675873823810976,0.17543448778026405,0.1508975419396129,0.11696695844980362,0.1655805514741309,0.10700646007030686
148,"Ithaca, NY M.S.A.",0.08410549231750676,0.13442667025137775,0.13801778507660853,0.07792617151929773,0.07792357102861242,0.20725974131395175,0.11036108970985153,0.2534749033276542,0.05815568482081895
149,"Jackson, MI M.S.A.",0.27477321554750084,0.4637720123672533,0.46821223291811503,0.1435942935861217,0.29210693839141044,0.19463262793043185,0.18072795237455844,0.20467154539220786,0.12000596608907814
150,"Jackson, MS M.S.A.",0.2957280703510973,0.6990186853071644,0.27952969129439703,0.6377104298489348,0.1623407729762759,0.33339823740352564,0.4423418953529866,0.27490820926127296,0.5142330907215001
151,"Jackson, TN M.S.A.",0.46873077946338376,0.2957386745530311,0.3293209175562115,0.40188890704896246,0.5061838527883225,0.4138297663506525,0.4728222353541786,0.38770638455723944,0.4285731879030704
152,"Jacksonville, FL M.S.A.",0.3983567960956741,0.4839360129049599,0.2699208581561521,0.4319503140395531,0.3948340504714801,0.33357508773102595,0.33000622531325813,0.3392081270621293,0.2528746012914669
153,"Janesville, WI M.S.A.",0.17679317772863667,0.1680333378142222,0.28739146386205194,0.19758808284106583,0.15339872384184494,0.2604740048587857,0.21785006257624565,0.28557401215469297,0.12657413755119415
154,"Jefferson City, MO M.S.A.",0.20947702976018479,0.18147600483935997,0.14238543650308347,0.11907819468117407,0.24814186348045839,0.2211071219572236,0.189057091220585,0.2376351054668659,0.14313140311194497
155,"Johnson City, TN M.S.A.",0.24895511799085127,0.1680333378142222,0.19829137476196287,0.12053748628265905,0.29977155193520844,0.26368383830291575,0.27468207461615946,0.2679163241702348,0.14956273766860023
156,"Johnstown, PA M.S.A.",0.1496162329321634,0.18819733835192884,0.14587955764426344,0.12987695253216291,0.15456970646659185,0.16479797768113483,0.14820122912240313,0.17667857999136052,0.08360734923651852
157,"Jonesboro, AR M.S.A.",0.28135289691927856,0.2755746740153244,0.3668827198238961,0.14651287678909164,0.3162717616475512,0.30817053818561085,0.49515294381206004,0.2571361086116887,0.11371146843788361
158,"Joplin, MO M.S.A.",0.2691232717608656,0.11426266971367109,0.3843533255297959,0.14009199374255776,0.30072962862818314,0.32812809764401735,0.24739696460331392,0.3501154678041488,0.3661755590129682
159,"Kalamazoo-Portage, MI M.S.A.",0.29765906379716256,0.2890173410404622,0.5590593825887941,0.23640523944056618,0.2841229659499543,0.27181895336792855,0.2739640454052951,0.27635743635286997,0.18746656048122812
160,"Kansas City, MO-KS M.S.A.2",0.32991380617402954,0.5511493480306487,0.278656161009102,0.3493544093955034,0.3208492391806528,0.3073747117118596,0.28006729369764216,0.299061994121223,0.47003477025767776
161,"Kennewick-Pasco-Richland, WA M.S.A.",0.16885464911703527,0.13442667025137775,0.2646796764443822,0.11032244507226423,0.176711923370897,0.21210544028745942,0.1662596637756417,0.22652436443128893,0.2103183236931734
162,"Killeen-Temple-Fort Hood, TX M.S.A.",0.29765906379716256,0.2957386745530311,0.3668827198238961,0.2871885871722434,0.288913349414828,0.2876116876137035,0.3582247733002273,0.27218773033494176,0.155720398414334
163,"Kingsport-Bristol-Bristol, TN-VA M.S.A.",0.2541044338470251,0.30918134157816884,0.3048620695679517,0.10973872843167023,0.2962586040609677,0.284163106227448,0.2841959616601122,0.2902522189065148,0.18992962477952163
164,"Kingston, NY M.S.A.",0.1623464860210377,0.07393466863825778,0.15024720907073838,0.10215041210394835,0.18480234877823928,0.16945798381076718,0.14220568521168575,0.18562819290788937,0.08223898018191102
165,"Knoxville, TN M.S.A.",0.3333466834114788,0.3360666756284444,0.25070319187966233,0.36890891685540206,0.32574607561141256,0.3337430955421512,0.3544551199431894,0.3246904311094646,0.3186931528180878
166,"Kokomo, IN M.S.A.",0.14825738569233976,0.20164000537706667,0.24720907073848236,0.20079852436433276,0.11411757942988048,0.2749226766155584,0.2697994759822818,0.29135820800273365,0.08990184688771305
167,"La Crosse, WI-MN M.S.A.3",0.0,0.14786933727651555,0.0,0.08288776296434666,0.12029185145127326,0.20281195557731976,0.15588414167865172,0.22534210022498607,0.1187744339399314
168,"Lafayette, IN M.S.A.",0.13988974742605717,0.06721333512568888,0.2279914044619926,0.09397837913563249,0.1449889395368444,0.22190294843097486,0.1811946713616203,0.23684692932933069,0.19403473194334414
169,"Lafayette, LA M.S.A.",0.4434133098371955,0.5041000134426665,0.1572354513530983,0.3598613089261952,0.5016063752552209,0.36846765734683096,0.3394124079755812,0.38810047262600705,0.23084385951228598
170,"Lake Charles, LA M.S.A.",0.4663706763626375,0.5511493480306487,0.4970387323328497,0.3230871605687738,0.5069290235495251,0.3921567587154932,0.5858400331442282,0.3268261341918181,0.31773529447986254
171,"Lakeland-Winter Haven, FL M.S.A.",0.2901496448402423,0.34278800914101326,0.18955607190901297,0.2606294800252168,0.3083942421719811,0.31209661545611705,0.3499674373752872,0.3034351004327086,0.22961232736313925
172,"Lancaster, PA M.S.A.",0.13302399295115866,0.12098400322623998,0.20353255647373283,0.18970790819304695,0.10208839428475316,0.16658416598888764,0.12080841472792794,0.18879360997637754,0.08524939210204752
173,"Lansing-East Lansing, MI M.S.A.",0.29765906379716256,0.18147600483935997,0.4192945369415955,0.23407037287819024,0.3037103116729935,0.2252277345879801,0.231420814661582,0.22836767959165355,0.14532079359931696
174,"Laredo, TX M.S.A.",0.37017859543827814,0.3024600080655999,0.29088558500323186,0.25041443881482195,0.4194246855911652,0.4294544927853021,0.2857038230029273,0.4673503120033377,0.5264115753075069
175,"Las Cruces, NM M.S.A.",0.2503854835064551,0.2822960075278933,0.2629326158737922,0.10419342034602734,0.2980683044810311,0.2669113567797958,0.29877195464065864,0.2567293080245738,0.22824395830853178
176,"Las Vegas-Paradise, NV M.S.A.",0.545970517305992,0.4503293453421155,0.3476650535474063,0.7022111186345706,0.5070354765154111,0.25836948596153236,0.3232208492705899,0.2008577898880052,0.604271774514674
177,"Lawrence, KS M.S.A.",0.2765611724420057,0.0,0.3380562204091614,0.15205818487473458,0.31499432605691824,0.3398267468081608,0.19885818994888343,0.39932562632671004,0.20238178317644992
178,"Lawton, OK M.S.A.",0.5519065341957481,0.2957386745530311,0.4970387323328497,0.29098274533610435,0.6501082626663061,0.4389955679539421,0.5917996755944024,0.3931981924832912,0.3052831360829342
179,"Lebanon, PA M.S.A.",0.13524105950034462,0.25541067347761776,0.15898251192368829,0.09718882065889943,0.14254052132146453,0.14633480349010572,0.12572691482234877,0.15874121660326082,0.07662866705802025
180,"Lewiston, ID-WA M.S.A.",0.12022222158650413,0.10754133620110222,0.4315239609357254,0.019262649139601688,0.11752407433823513,0.29460611806633946,0.23131311027995233,0.32467771859111727,0.18267726879010185
181,"Lewiston-Auburn, ME M.S.A.",0.11400013159362737,0.18819733835192884,0.32582679641503154,0.1742394172173062,0.06355242063399127,0.21256525113896013,0.16231050311588774,0.24114376053073236,0.07526029800341275
182,"Lexington-Fayette, KY M.S.A.",0.3105323534375972,0.30918134157816884,0.22362375303551763,0.4237782810712371,0.27550027571318164,0.31113278117124055,0.29223788882179297,0.32200808973817546,0.23481212977064775
183,"Lima, OH M.S.A.",0.29243822966520844,0.26213200699018663,0.47170635405929495,0.3181255691237249,0.2577226304102058,0.33745695241965706,0.40615322312542307,0.32232590269685896,0.2045711736638219
184,"Lincoln, NE M.S.A.",0.305240001029863,0.04704933458798221,0.42715630950925043,0.17540685049849417,0.33756235482476776,0.31945358908012866,0.1876569342593995,0.3773838196591976,0.1662568401348118
185,"Little Rock-North Little Rock-Conway, AR M.S.A.",0.5405351283466974,0.42344401129183995,0.41405335522982556,0.5189240934880577,0.5581329001407307,0.43632512800868795,0.5063901009620871,0.40761418828917717,0.4344571748378827
186,"Logan, UT-ID M.S.A.",0.04555714167198283,0.0,0.2061531473296178,0.011382474491582816,0.03853597365076188,0.09924840379315648,0.06124789168672958,0.1166119308001691,0.04734556928941966
187,"Longview, TX M.S.A.",0.3384244809918725,0.6452480172066132,0.4000768706651057,0.23757267272175417,0.35800132427489556,0.33440628427027724,0.30911157527710537,0.3304492019208106,0.4397938141508519
188,"Longview, WA M.S.A.",0.22378068491622333,0.12770533673880888,0.834221422456716,0.1365896938989938,0.17947970048393513,0.3084977112914864,0.2778773046045058,0.31129143677136606,0.36412300543105697
189,"Los Angeles-Long Beach-Santa Ana, CA M.S.A.",0.3165398886031335,0.356230676166151,0.1703384056325232,0.5530715169628061,0.24292566815204034,0.20134409785906746,0.1671212988286789,0.18157289955508724,0.5243590217255957
190,"Los Angeles-Long Beach-Glendale, CA M.D.",0.3640280237211815,0.42344401129183995,0.18344135991194804,0.6473417544187356,0.2766712583379285,0.20888676432695436,0.17889697788685435,0.18103897378449885,0.6019455471218411
191,"Santa Ana-Anaheim-Irvine, CA M.D.",0.1624180042968179,0.14786933727651555,0.12928248222365862,0.24691213897125802,0.13359847218703358,0.17687685504940387,0.12888624335015195,0.18330180205032578,0.2728527894887364
192,"Louisville/Jefferson County, KY-IN M.S.A.",0.28264022588332205,0.3293453421158755,0.23585317702964748,0.4491699549370758,0.22291251056545686,0.31121236381861567,0.3225028200597256,0.3043376892353699,0.31075661230136425
193,"Lubbock, TX M.S.A.",0.5780822231312985,0.24196800645247996,0.4166739460857106,0.3551915758014433,0.6762956922742823,0.4365461909180632,0.4413725559183198,0.44426437868456436,0.2913257717259377
194,"Lynchburg, VA M.S.A.",0.2054004880407138,0.4301653448044089,0.19217666276489795,0.11528403651731313,0.23345135418817903,0.1773278233845296,0.12734248054679356,0.19851868651209426,0.12192168276552864
195,"Macon, GA M.S.A.",0.34657756443081444,0.8065600215082667,0.22100316217963265,0.45413154638212466,0.3104168485238167,0.4716686659596187,0.537839780397946,0.4261617525579493,0.6618801117136499
196,"Madera-Chowchilla, CA M.S.A.",0.3091735061977736,0.44360801182954657,0.28302381243557695,0.24895514721333697,0.3278751349291342,0.19388101403855568,0.28430366604174184,0.12848542293658663,0.5336639312969268
197,"Madison, WI M.S.A.2",0.1705710877357599,0.06049200161311999,0.21052079875609275,0.21393214877769756,0.1493535111381738,0.23184193683649054,0.16715720028922212,0.26111512685440674,0.14012099119180846
198,"Manchester-Nashua, NH M.S.A.",0.1562674325797213,0.04704933458798221,0.29001205471793695,0.16431623432720835,0.1364727022659578,0.19549035201880824,0.1665109739994442,0.21095152945579485,0.11986912918361739
199,"Manhattan, KS M.S.A.",0.2353666455926146,0.3226240086033066,0.3345620992679814,0.10244227042424535,0.26719694437406716,0.1833672620686641,0.16166427682610982,0.20111204025495205,0.056650478860750676
200,"Mankato-North Mankato, MN M.S.A.3",0.0,0.21508267240220444,0.0,0.05574493917672611,0.10868847816969027,0.2197100043699714,0.15006810507065046,0.2529918276304552,0.10481706958293482
201,"Mansfield, OH M.S.A.",0.12715949433718285,0.21508267240220444,0.33194150841209646,0.22414718998809238,0.06365887359987735,0.3667433666537032,0.43512570178379983,0.3602346324086331,0.13929996975904393
202,"McAllen-Edinburg-Mission, TX M.S.A.",0.22964518353019917,0.30918134157816884,0.2533237827355473,0.21013799061383662,0.2292996885186218,0.42421972309129385,0.3646511347374633,0.4380352446943668,0.4599088392535823
203,"Medford, OR M.S.A.2",0.1893088759901704,0.10082000268853333,0.3249532661297366,0.09135165425295953,0.2072639245802027,0.25354147202077476,0.1467292692401312,0.29386257411716,0.20115025102730313
204,"Memphis, TN-MS-AR M.S.A.",0.7198314457276409,0.5780346820809243,0.40269746152099073,0.811657988745944,0.717067178208652,0.40894869731164474,0.5126010536360639,0.3569929402300609,0.5320218884313977
205,"Merced, CA M.S.A.",0.41637940159228265,0.7057400188197333,0.2524502524502523,0.31579070256134895,0.46264458974091477,0.29309404776621206,0.3387661816858033,0.25269943970846626,0.5243590217255957
206,"Miami-Fort Lauderdale-Pompano Beach, FL M.S.A.",0.43568933605293475,0.44360801182954657,0.2061531473296178,0.5793387657895357,0.404947082230658,0.36740655538182926,0.3335245684464935,0.3682308064491113,0.45074076658771195
207,"Fort Lauderdale-Pompano Beach-Deerfield Beach, FL M.D.",0.34557630856989174,0.23524667293991106,0.2157619804678627,0.5145462186836027,0.296684415924512,0.3395526288005353,0.3502187475990897,0.3304492019208106,0.3627546363764495
208,"Miami-Miami Beach-Kendall, FL M.D.",0.5244435162961539,0.5981986826186311,0.18606195076783302,0.6890774942212059,0.49713535068800546,0.4136794435722772,0.3287496741942455,0.42340313607657604,0.5912722684959028
209,"West Palm Beach-Boca Raton-Boynton Beach, FL M.D.",0.3863417257646017,0.4301653448044089,0.2332325861737625,0.45500712134301563,0.3738628161919219,0.31545677167862235,0.31995381636115716,0.31260082616114226,0.29734659556621074
210,"Michigan City-La Porte, IN M.S.A.",0.15197633603290978,0.3024600080655999,0.29001205471793695,0.2434098391276941,0.09729801081987945,0.3370413541500314,0.30929108257982146,0.3486026781208151,0.2846207633583609
211,"Midland, TX M.S.A.2",0.2396577421394262,0.14786933727651555,0.2943797061444119,0.15293375983562554,0.2627259198068517,0.27948541506506563,0.29482279398090466,0.2801076292653359,0.18623502833208133
212,"Milwaukee-Waukesha-West Allis, WI M.S.A.",0.33191631789587495,0.4301653448044089,0.15636192106780333,0.6079408811786412,0.24643861602628106,0.2971350777495935,0.201084080502563,0.31493992953705324,0.44170953082730247
213,"Minneapolis-St. Paul-Bloomington, MN-WI M.S.A.3",0.0,0.1613120043016533,0.0,0.26938522963412664,0.16266013187393413,0.2559201089256535,0.18008172608478054,0.2783024516600133,0.27846310261262713
214,"Mobile, AL M.S.A.2,6",0.3819791109420099,0.4973786799300977,0.2218766924649276,0.5148380770038997,0.3457592331979961,0.40902827995901986,0.4543329831744214,0.3848969180024768,0.45498271065699525
215,"Modesto, CA M.S.A.",0.36996404061093746,0.3763946767038577,0.2279914044619926,0.433409605641038,0.35885294800198425,0.35573443376681085,0.3753497699793422,0.289997968539568,0.9527953727232052
216,"Monroe, LA M.S.A.",0.3070279579243678,0.6116413496437687,0.20440608675902783,0.19671250788017486,0.35065606962875584,0.4335308928341835,0.572771901506497,0.4024529058401563,0.19376105813242261
217,"Monroe, MI M.S.A.",0.19903536149627662,0.08737733566339555,0.4944181414769647,0.16898596745196026,0.17298606956488413,0.22455570334347905,0.23052327814800155,0.21695183811574031,0.2610848156191119
218,"Montgomery, AL M.S.A.",0.24409187523779813,0.4704933458798221,0.2183825713237477,0.37036820845688706,0.19406375681032847,0.36633661090045255,0.3993678470827549,0.35117060682697826,0.366859743540272
219,"Morristown, TN M.S.A.",0.27470169727172067,0.2890173410404622,0.20790020790020777,0.1999229494034418,0.3060522769224873,0.3269432004497655,0.3081063343818953,0.33939881483733947,0.2316648809450505
220,"Mount Vernon-Anacortes, WA M.S.A.",0.14911560500170204,0.0,0.3616415381121261,0.13046066917275692,0.13029843024456506,0.4362367028449377,0.3397355211204701,0.4842452488869553,0.24329601790921432
221,"Muncie, IN M.S.A.",0.17993998186296517,0.0,0.2428414193120074,0.2760979710009575,0.13764368489070472,0.23161203141074022,0.1990376972515995,0.23548668986616508,0.29091526100955545
222,"Muskegon-Norton Shores, MI M.S.A.",0.3365650058215875,0.15459067078908442,0.6114711997064936,0.30411636974946915,0.31307817267096877,0.3681935393392055,0.35581937544383174,0.38473165526396136,0.2004660664999994
223,"Myrtle Beach-North Myrtle Beach-Conway, SC M.S.A.",0.46150743360958435,0.39655867724156435,0.37299743182096107,0.44771066333559084,0.47190599777300385,0.49801936475716024,0.47777663690914257,0.48250363387336953,0.6922579047259365
224,"Napa, CA M.S.A.",0.3433592420207058,0.10082000268853333,0.186935481053128,0.15293375983562554,0.43102805887274814,0.18416308854241534,0.1697062039877906,0.18431880351811314,0.21893904873720071
225,"Naples-Marco Island, FL M.S.A.",0.2242813128466847,0.22852533942734218,0.14500602735896848,0.18299516682621608,0.24590635119685067,0.15587587865874578,0.1322250791806712,0.16962313230858567,0.08237581708737177
226,"Nashville-Davidson—Murfreesboro—Franklin, TN M.S.A.",0.4600055498182003,0.4167226777792711,0.35814741697094615,0.40539120689252645,0.4864900540993972,0.2996640374328475,0.3039776664194252,0.299100131676265,0.25930593584812206
227,"New Haven-Milford, CT M.S.A.",0.3008773862072712,0.3360666756284444,0.13452366393542858,0.4512129631791547,0.26155493718210476,0.2755151252126844,0.189057091220585,0.29241334702556304,0.39545865678156883
228,"New Orleans-Metairie-Kenner, LA M.S.A.1",0.33363275651459956,1.3980373706143288,0.22362375303551763,0.3934250157603497,0.3037103116729935,0.0,0.27058930811423265,0.26103885174432273,0.0
229,"New York-Northern New Jersey-Long Island, NY-NJ-PA M.S.A.",0.2802801227825757,0.3159026750907377,0.08822655881479405,0.47923136192766624,0.22663836437146972,0.15201169900286468,0.10027277929720735,0.16533901362553138,0.19034013549590387
230,"Edison-New Brunswick, NJ M.D.",0.11149699194132064,0.11426266971367109,0.06988242282359926,0.1745312755376032,0.0920818154914614,0.16315326963538224,0.12515249145365728,0.1805050480139105,0.10481706958293482
231,"Nassau-Suffolk, NY M.D.",0.11714693572795587,0.18819733835192884,0.04455004455004452,0.19758808284106583,0.09378506294563871,0.14873112542773448,0.0941336295443171,0.1682756053637674,0.13150026614778118
232,"Newark-Union, NJ-PA M.D.",0.2785636841638511,0.4637720123672533,0.11967364908541372,0.565621424735577,0.1863991432665305,0.17322489578652311,0.15426857595420693,0.14994415390690008,0.4785186583962443
233,"New York-White Plains-Wayne, NY-NJ M.D.",0.35473064786975644,0.36295200967871993,0.09696186166774395,0.5939316818043854,0.2938101858455878,0.14666197659598124,0.08684563305404389,0.16437286223113337,0.1692672520549483
234,"North Port-Bradenton-Sarasota, FL M.S.A.",0.3658159806156863,0.24196800645247996,0.2218766924649276,0.36132060052768017,0.38195324159926414,0.32667792495851505,0.36152770767020337,0.32424549296730765,0.18719288667030662
235,"Norwich-New London, CT M.S.A.",0.2822111162286409,0.23524667293991106,0.3144709027061966,0.2533330220177919,0.28550685450647334,0.21282168411383556,0.18927249998384432,0.22565991318366962,0.1429945662064842
236,"Ocala, FL M.S.A.",0.38183607439044953,0.18147600483935997,0.374744492391551,0.20838684069205468,0.4438024147790781,0.2183128867827192,0.25332070559294484,0.2122863438822658,0.12780566970034093
237,"Ocean City, NJ M.S.A. ",0.1815849022059096,0.14114800376394665,0.15461486049721335,0.18533003338859202,0.18171521276754288,0.41859588267678494,0.41207696411505407,0.4456881807394668,0.1096063612740611
238,"Odessa, TX M.S.A.",0.4707332911852292,0.3495093426535822,0.2253708136061076,0.23669709776086315,0.5814460996697829,0.3142718744843705,0.31435318851641514,0.3169866449909753,0.2531482751023883
239,"Ogden-Clearfield, UT M.S.A.",0.10699134056716847,0.10082000268853333,0.2734149792973321,0.10390156202573034,0.08633335533361293,0.265726459585544,0.18431809842888022,0.2982611054653404,0.19909769744539188
240,"Oklahoma City, OK M.S.A.5",0.0,0.3831160102164266,0.3826062649592059,0.3140395526395669,0.0,0.37214614415883673,0.42755049360918096,0.33605542251198844,0.5120437002341282
241,"Olympia, WA M.S.A.",0.17700773255597727,0.10754133620110222,0.2943797061444119,0.09835625394008743,0.19001854410665733,0.28210279991206977,0.2888631515307305,0.2819255193890058,0.22974916426859998
242,"Omaha-Council Bluffs, NE-IA M.S.A.",0.2765611724420057,0.3024600080655999,0.33892975069445636,0.2831025706880854,0.2621936549774213,0.2729773230130554,0.20930551496695982,0.2733064319495079,0.48467631914197806
243,"Orlando-Kissimmee-Sanford, FL M.S.A.",0.4389076584630434,0.3226240086033066,0.2882649941473469,0.42056783954797017,0.4596639066961044,0.31784425109987613,0.36037886093282034,0.29848993079559255,0.3321031695532413
244,"Owensboro, KY M.S.A.",0.08288968162924348,0.12098400322623998,0.3371826901238664,0.0744238716757338,0.05322648294304127,0.2119285899599591,0.16453639366956724,0.23357981211406378,0.13820527451535794
245,"Oxnard-Thousand Oaks-Ventura, CA M.S.A.",0.15490858533989765,0.14786933727651555,0.1135589370883488,0.22706577319106233,0.13146941286931194,0.1755593201095268,0.13552801355064722,0.18667061941237142,0.19088748311774686
246,"Palm Bay-Melbourne-Titusville, FL M.S.A.",0.4214571991726763,0.24868933996504886,0.276909100438512,0.28572929557075843,0.4854255244405364,0.2798125881709412,0.28297531200164283,0.28577741244825045,0.17542491280068204
247,"Palm Coast, FL M.S.A.",0.1684970577381343,0.0,0.14413249707367345,0.10798757850988827,0.1938508508785563,0.20459814388507258,0.2049973397017737,0.2079513751258221,0.14641548884300298
248,"Panama City-Lynn Haven-Panama City Beach, FL M.S.A.",0.37225262543590365,0.4839360129049599,0.32058561470326163,0.2772654042821455,0.406330970787177,0.40148561349113293,0.3551731491540538,0.42529730131033,0.2813366776273029
249,"Pascagoula, MS M.S.A.",0.19410060046744332,0.25541067347761776,0.5083946260416846,0.20751126573116366,0.14722445182045216,0.29743572330634394,0.43386915066478726,0.24875855902079025,0.2714844204341289
250,"Pensacola-Ferry Pass-Brent, FL M.S.A.",0.4075826536713189,0.5108213469552355,0.4813151871975399,0.38175068294846987,0.40068896359521466,0.2914404972040845,0.2967973743107817,0.29495585069503144,0.20375015223105744
251,"Peoria, IL M.S.A.2",0.29079330932226405,0.5041000134426665,0.32320620555914653,0.2903990286955103,0.2795454884168528,0.23155013379611505,0.23917553013891707,0.23129155881154223,0.1819930842627981
252,"Philadelphia-Camden-Wilmington, PA-NJ-DE-MD M.S.A.",0.394637845755104,0.5242640139803733,0.24895613130907235,0.6493847626608146,0.31190719004622186,0.2354496835174962,0.18417449258670737,0.24692795637877302,0.2836629050201357
253,"Camden, NJ M.D.",0.23786978524492136,0.2755746740153244,0.15374133021191838,0.36511475869154114,0.19789606358222742,0.2225572946427259,0.1973144271455251,0.23345268693059038,0.1789826723426616
254,"Philadelphia, PA M.D.",0.43332923295218834,0.6116413496437687,0.282150282150282,0.7331481005860521,0.33351714212109657,0.2291361268257363,0.16209509435262842,0.2432286135396964,0.3099355908685998
255,"Wilmington, DE-MD-NJ M.D.",0.45399801465266404,0.45705067885468437,0.22886493474728753,0.680613602932593,0.3923856322561003,0.29457959051721444,0.2867808668192238,0.29214638414026883,0.3208825433054598
256,"Phoenix-Mesa-Glendale, AZ M.S.A.",0.265189766592955,0.3696733431912888,0.22624434389140255,0.36219617548857114,0.2291932355527357,0.31254758379124276,0.2856320200818409,0.30539282825819936,0.46086669759180754
257,"Pine Bluff, AR M.S.A.",0.5671399269369292,0.6049200161311998,0.48830342947989974,0.5043311774732079,0.5911333195654163,0.4077638001173929,0.6260855704131754,0.3178129586835525,0.5030124644737187
258,"Pittsburgh, PA M.S.A.",0.2285008911177161,0.3159026750907377,0.1476266182148534,0.2816432790866005,0.21439627329457026,0.17469275350477542,0.154771196401812,0.18523410483912175,0.11959545537269589
259,"Pittsfield, MA M.S.A.",0.32447841721473486,0.05377066810055111,0.3293209175562115,0.08259590464404967,0.41197297797913945,0.2212839722847239,0.2666042459939355,0.21146003018968854,0.1321844506750849
260,"Pocatello, ID M.S.A.",0.15540921327035903,0.07393466863825778,0.31796502384737657,0.04494618132573727,0.1750086759167197,0.24505265630076137,0.15128875472911985,0.2852561991960094,0.14491028288293473
261,"Portland-South Portland-Biddeford, ME M.S.A.",0.09547689816655743,0.12770533673880888,0.25070319187966233,0.1292932358915689,0.062381438009244373,0.21867542995409475,0.18693890504853516,0.23821988131084368,0.10728013388122835
262,"Port St. Lucie, FL M.S.A.",0.2651182483171748,0.3226240086033066,0.2437149495973024,0.2428261224871001,0.27124215707773836,0.2307454648059888,0.2557979063704269,0.2296643564630824,0.12370056253651841
263,"Poughkeepsie-Newburgh-Middletown, NY M.S.A.",0.18880824805970906,0.30918134157816884,0.12404130051188868,0.24895514721333697,0.17011183948595993,0.18334073451953908,0.1243626593217065,0.21201938099697157,0.08114428493822501
264,"Prescott, AZ M.S.A.",0.23400779835279092,0.22180400591477328,0.20440608675902783,0.03210441523266948,0.30807488327432286,0.19197987301792768,0.1825948283228058,0.19832799873688414,0.14012099119180846
265,"Providence-New Bedford-Fall River, RI-MA M.S.A.",0.26561887624763614,0.1747546713267911,0.2638061461590872,0.2679259380326417,0.2627259198068517,0.223874829582603,0.22463543861891389,0.2151975105838071,0.29200995625324144
266,"Provo-Orem, UT M.S.A.",0.058215876485076964,0.07393466863825778,0.19305019305019294,0.041152023161876335,0.0469457579557624,0.1857016863916678,0.11233567003972851,0.21795612706518036,0.09934359336450482
267,"Pueblo, CO M.S.A.2",0.41852494986568844,0.1747546713267911,0.16771781477663822,0.3058675196712511,0.48829975451946056,0.37613411904396804,0.4511736546466183,0.33868691380988825,0.4555300582788382
268,"Punta Gorda, FL M.S.A.",0.17207297152714393,0.040328001075413324,0.12666189136777364,0.0866819211282076,0.20832845423906354,0.23444163665074466,0.2613626327546257,0.23549940238451242,0.09674369216075057
269,"Racine, WI M.S.A.",0.18101275599966804,0.2688533405027555,0.13889131536190352,0.31958486072520986,0.13178877176697018,0.23699712388312363,0.22280446413120975,0.2461397802412378,0.1687199044331053
270,"Raleigh-Cary, NC M.S.A.",0.17350333704274779,0.22852533942734218,0.1406383759324935,0.21976931518363743,0.15733748357963,0.2159873049760905,0.22549707367195107,0.20731574920845497,0.25136939533139857
271,"Rapid City, SD M.S.A.",0.29465529621439446,0.21508267240220444,0.8158772864655214,0.1444698685470127,0.28305843629109345,0.25182602384402203,0.194334605920438,0.27760326315090944,0.16830939371672304
272,"Reading, PA M.S.A.",0.2357242369715156,0.21508267240220444,0.13539719422072355,0.3140395526395669,0.21652533261229187,0.19246621141855344,0.18841086493080705,0.18170002473856067,0.30446211465016976
273,"Redding, CA M.S.A.",0.570072176243917,0.10754133620110222,0.5739093974388089,0.22035303182423144,0.696521755792638,0.23134675591948975,0.29618704948154695,0.19815002348002134,0.3181458051962448
274,"Reno-Sparks, NV M.S.A.",0.30273686137755623,0.2822960075278933,0.22012963189433765,0.34264166802867246,0.29434245067501824,0.245477097086762,0.23590849722948423,0.2365545414073418,0.3531760529941969
275,"Richmond, VA M.S.A.",0.1925987166760593,0.4839360129049599,0.13801778507660853,0.32629760209204073,0.14317923911678102,0.2248563489002295,0.1779994413732739,0.23862668189795858,0.2327595761887365
276,"Riverside-San Bernardino-Ontario, CA M.S.A.",0.26354484625001057,0.3024600080655999,0.17820017820017808,0.3376800765836236,0.2427127622202682,0.23827044624112567,0.26800440295512096,0.19712030949388662,0.5439266992064831
277,"Roanoke, VA M.S.A.",0.21662885733820408,0.42344401129183995,0.19916490504725787,0.19846365780195682,0.21908020379355786,0.23538778590287113,0.1774250180045824,0.2595896246527257,0.17227766397508482
278,"Rochester, MN M.S.A.3",0.0,0.03360666756284444,0.0,0.10098297882276037,0.10932719596500678,0.16021755419887762,0.10906863713029571,0.1810262612661515,0.11507983749249112
279,"Rochester, NY M.S.A.",0.22678445249899146,0.3293453421158755,0.19305019305019294,0.28952345373461935,0.20321871187653157,0.24994256785614405,0.22528166490869173,0.26506872006043014,0.15599407222525552
280,"Rockford, IL M.S.A.2",0.5438249690325863,0.4368866783169777,0.4647181117769351,0.46638959583459855,0.5758040924778205,0.2996640374328475,0.3444745139121749,0.286540163549091,0.24001193217815628
281,"Rocky Mount, NC M.S.A.",0.43812095742946133,0.6855760182820265,0.20790020790020777,0.49995330266875304,0.43358293005401416,0.32128398996975654,0.42643754833234115,0.2865274510307437,0.2623163477682586
282,"Rome, GA M.S.A.",0.3444320161574087,0.21508267240220444,0.2052796170443228,0.31170468607719093,0.37056277424945333,0.31984265980062926,0.3216770864672316,0.31944016103201234,0.2848944371692824
283,"Sacramento—Arden-Arcade—Roseville, CA M.S.A.",0.34192887650510195,0.2822960075278933,0.2279914044619926,0.4681407457563805,0.3060522769224873,0.27470161370618307,0.2761899359589746,0.2400250589161662,0.614671379329691
284,"Saginaw-Saginaw Township North, MI M.S.A.",0.6227096272181389,0.23524667293991106,0.6638830168241929,0.37708094982371787,0.7046121811999804,0.2500221505035192,0.3931927958693215,0.20392150680971466,0.17542491280068204
285,"Salem, OR M.S.A.2",0.17221600807870435,0.08737733566339555,0.2218766924649276,0.1313362441336479,0.18001196531336555,0.24307193263275825,0.15997690818057858,0.2686155126793386,0.2602637941863473
286,"Salinas, CA M.S.A.",0.3546591295939762,0.7191826858448709,0.17470605705899814,0.4077260734549024,0.3465044039591987,0.2239809397791031,0.2598547714118105,0.1873570954031279,0.4590878178208178
287,"Salisbury, MD M.S.A.",0.4789578928999514,0.6049200161311998,0.25070319187966233,0.47835578696677533,0.4983063333127524,0.321540422944632,0.3787604087309479,0.3116855248401337,0.17720379257167182
288,"Salt Lake City, UT M.S.A.",0.25424747039858553,0.19491867186449774,0.4035709918062857,0.25070629713511894,0.23472878977881198,0.39415516741624645,0.2700148847455412,0.42178864624646356,0.530243008660408
289,"San Angelo, TX M.S.A.",0.1966037401197501,0.12098400322623998,0.45947693006516516,0.14301057694552768,0.18256683649463154,0.3657176347542016,0.3664821092251674,0.3768498938886093,0.2060763796238902
290,"San Antonio-New Braunfels, TX M.S.A.",0.34614845477613326,0.3159026750907377,0.28477087300616694,0.37124378341777803,0.3401172260060337,0.4627377244208546,0.3846123467994924,0.4889488806754719,0.43185727363412846
291,"San Diego-Carlsbad-San Marcos, CA M.S.A.",0.27069667382802987,0.14786933727651555,0.19217666276489795,0.31783371080342787,0.26123557828444655,0.19510128129830762,0.1642850834457647,0.17041130844612087,0.5587050849962442
292,"Sandusky, OH M.S.A.",0.2131244618249746,0.0,0.14850014850014842,0.10302598706483934,0.26155493718210476,0.2468476871248892,0.22711263939639587,0.2728106437339615,0.01792563461535831
293,"San Francisco-Oakland-Fremont, CA M.S.A.",0.37833167887722,0.4167226777792711,0.20702667761491278,0.7007518270330857,0.2757131816449538,0.27480772390268327,0.23536997532133597,0.24636860557148993,0.7037522047846394
294,"Oakland-Fremont-Hayward, CA M.D.",0.4158787736618213,0.5175426804678043,0.24458847988259738,0.7384015503513981,0.31169428411444966,0.28153687886406886,0.27507699068213487,0.2278718913761072,0.8556411698460725
295,"San Francisco-San Mateo-Redwood City, CA M.D.",0.32490752686941604,0.2688533405027555,0.1528677999266234,0.6476336127390325,0.22461575801963415,0.2652312786685432,0.17889697788685435,0.27265809351379344,0.4876867310621146
296,"San Jose-Sunnyvale-Santa Clara, CA M.S.A.",0.18916583943861,0.09409866917596442,0.18955607190901297,0.23377851455789322,0.17170863397425115,0.1995225394858146,0.15110924742640375,0.18340350219710452,0.537358527744367
297,"San Luis Obispo-Paso Robles, CA M.S.A.",0.19081075978155448,0.14786933727651555,0.26642673701497216,0.10098297882276037,0.21237366694273466,0.20335134907619562,0.2048178323990576,0.20478595805733393,0.16187805916006778
298,"Santa Barbara-Santa Maria-Goleta, CA M.S.A.",0.3231195699749112,0.18147600483935997,0.281276751864987,0.22414718998809238,0.36215298994445283,0.1888761497702978,0.17401437925297672,0.19128526357245662,0.2004660664999994
299,"Santa Cruz-Watsonville, CA M.S.A.",0.3667457182008288,0.3696733431912888,0.23235905588846756,0.30674309463214205,0.39994379283401205,0.2854983262000751,0.2435555083251896,0.29163788340637514,0.35057615179044266
300,"Santa Fe, NM M.S.A.",0.2553202445352884,0.44360801182954657,0.26555320672967714,0.18095215858413707,0.27464865198609295,0.34684770480992183,0.782292825236716,0.2009213524797419,0.22304415590102322
301,"Santa Rosa-Petaluma, CA M.S.A.",0.2837130000200249,0.08737733566339555,0.23235905588846756,0.17219640897522723,0.32979128831508375,0.16507209568876027,0.14439567430482203,0.16863155587749298,0.18897176644129637
302,"Savannah, GA M.S.A.",0.24495009454716046,0.4368866783169777,0.17907370848547308,0.45179667981974875,0.17106991617893463,0.32719079090826586,0.35851198498457304,0.3122575881657641,0.33552409218976004
303,"Scranton—Wilkes-Barre, PA M.S.A.",0.17085716083888067,0.14786933727651555,0.19042960219430796,0.1800765836232461,0.16319239670336455,0.19792204402193708,0.16604425501238237,0.21302366994641161,0.13697374236621118
304,"Seattle-Tacoma-Bellevue, WA M.S.A.",0.2524595135040807,0.15459067078908442,0.2926326455738219,0.34818697611431537,0.21067041948855733,0.3453710045752945,0.2969050786924113,0.33186029145736556,0.6406703913672336
305,"Seattle-Bellevue-Everett, WA M.D.",0.2264983793958707,0.13442667025137775,0.2716679187267421,0.3344696350603566,0.1799055123474795,0.3432399581289161,0.2778055016834194,0.33755549967697485,0.6193238341153565
306,"Tacoma, WA M.D.",0.33763777995829036,0.22852533942734218,0.3616415381121261,0.3934250157603497,0.3114813781826775,0.35233006496243047,0.35944542295869675,0.3132491645968567,0.710594050057677
307,"Sebastian-Vero Beach, FL M.S.A.",0.2330780607676484,0.0,0.1712119359178182,0.19116719979453192,0.25633874185368677,0.27329565360255587,0.3116246775151306,0.2680434493537082,0.15626774603617702
308,"Sherman-Denison, TX M.S.A.",0.20046572701188048,0.6116413496437687,0.15199426964132837,0.14038385206285472,0.2189737508276718,0.2639844838596662,0.25425414356706855,0.27473023400441016,0.15886764723993127
309,"Shreveport-Bossier City, LA M.S.A.",0.4486341439691495,0.5645920150557866,0.376491552962141,0.33125919353708966,0.49223851425724563,0.32834031803701763,0.34135108684491494,0.32475399370120134,0.2843470895474395
310,"Sioux City, IA-NE-SD M.S.A.",0.17078564256310047,0.0,0.16160310277957327,0.07004599687127888,0.20896717203438003,0.23223985007336617,0.184282196968337,0.2523943392681301,0.17460389136791757
311,"Sioux Falls, SD M.S.A.",0.16570784498270677,0.08065600215082665,0.3782386135327309,0.06975413855098186,0.1738376932919728,0.2091697248509548,0.191534291998067,0.21836292765229529,0.15626774603617702
312,"South Bend-Mishawaka, IN-MI M.S.A.",0.24931270936975222,0.1680333378142222,0.29700029700029684,0.3916738658385676,0.18937982631134084,0.34417726486466765,0.41688775982784526,0.3234191792747304,0.25588501321160334
313,"Spartanburg, SC M.S.A.",0.3525135813205705,0.3495093426535822,0.2524502524502523,0.2562516052207619,0.39494050343736625,0.3109294032946152,0.31560973963542777,0.3033588253226246,0.3433237958010229
314,"Spokane, WA M.S.A.",0.2474532341994672,0.1680333378142222,0.2716679187267421,0.3248383104905557,0.21407691439691198,0.4455920851697025,0.38174022995603496,0.42961955754842635,0.8160953041679156
315,"Springfield, IL M.S.A.2",0.6118388492995497,0.2957386745530311,0.6132182602770835,0.5297228513390465,0.6381855304870648,0.40626941485001555,0.4824079253192177,0.39387195595570035,0.20853944392218368
316,"Springfield, MA M.S.A.",0.4140192984915363,0.24868933996504886,0.375618022676846,0.36949263349599604,0.4316667766680647,0.2705367884935515,0.31797923603128014,0.244588853002862,0.34181858984095465
317,"Springfield, MO M.S.A.",0.3211170582530658,0.20164000537706667,0.29700029700029684,0.23640523944056618,0.3523593170829332,0.4220798341285405,0.30081833789162205,0.462977205691852,0.4016163175273026
318,"Springfield, OH M.S.A.",0.2575373110844744,0.19491867186449774,0.2515767221649573,0.4625954376707375,0.18097004200634031,0.36124332146844457,0.4566665781097305,0.32981357600344346,0.2996728229590435
319,"State College, PA M.S.A.",0.07631000025746575,0.0,0.14151190621778847,0.06712741366830892,0.07196220493899179,0.14666197659598124,0.08731235204110571,0.17589040385382532,0.04351413593651864
320,"St. Cloud, MN M.S.A.3",0.0,0.10754133620110222,0.0,0.07325643839454582,0.10506907732956347,0.19520739149480776,0.104832264786196,0.23422815054977825,0.10002777789180858
321,"Steubenville-Weirton, OH-WV M.S.A.",0.11621719814281335,0.3360666756284444,0.12316777022659368,0.12579093604800498,0.10677232478374077,0.1696083065891424,0.15771511616635583,0.17723793079864358,0.11562718511433413
322,"St. George, UT M.S.A.",0.07766884749728942,0.0,0.14413249707367345,0.029477690349996522,0.08729143202658768,0.16723851220063868,0.14224158667222897,0.17789898175270538,0.13081608162047742
323,"St. Joseph, MO-KS M.S.A.",0.2131244618249746,0.3696733431912888,0.1939237233354879,0.1733638422564152,0.224402852087862,0.3091255299541124,0.3232208492705899,0.30658780498284943,0.2516430691423201
324,"St. Louis, MO-IL M.S.A.2",0.3557319037306791,0.5242640139803733,0.2271178741766976,0.37036820845688706,0.3584271361384399,0.27937930486856544,0.24944334785427735,0.27617946109600716,0.3998374377563128
325,"Stockton, CA M.S.A.",0.5758651565821127,0.6183626831563377,0.20790020790020777,0.7865581732004023,0.5351390595093369,0.3646919028547,0.40116292010991583,0.3206097127199678,0.6635221545791788
326,"Sumter, SC M.S.A.",0.5067785021784464,0.3831160102164266,0.28389734272087197,0.4941161362628131,0.5334358120551597,0.4190026384300356,0.4703450345766965,0.3999612522440772,0.38601691030477703
327,"Syracuse, NY M.S.A.",0.20933399320862442,0.22852533942734218,0.19829137476196287,0.23319479791729927,0.19874768730931608,0.22272530245385116,0.22707673793585262,0.22647351435789953,0.14354191382832723
328,"Tallahassee, FL M.S.A.",0.5541951190207143,0.3495093426535822,0.4393857335033803,0.47397791216232044,0.5929430199854797,0.3204881634960053,0.42399624901540234,0.2912692203743022,0.20826577011126216
329,"Tampa-St. Petersburg-Clearwater, FL M.S.A.",0.35759137890096415,0.2890173410404622,0.23235905588846756,0.3674496252539171,0.36545303188692135,0.29951371465447224,0.30437258248540056,0.2971042662957322,0.27682105974709814
330,"Texarkana, TX-Texarkana, AR M.S.A.",0.528520058015625,0.19491867186449774,0.37299743182096107,0.34264166802867246,0.6131690835038354,0.3671059098250788,0.41566711016937585,0.3490857538180141,0.3390818517317396
331,"Toledo, OH M.S.A.4",0.3455047902941116,0.2688533405027555,0.24720907073848236,0.5233019682925126,0.28901980238071406,0.0,0.4835926735171439,0.0,0.30473578846109123
332,"Topeka, KS M.S.A.",0.2801370862310153,0.40328001075413333,0.24720907073848236,0.2903990286955103,0.2745421990202068,0.37517028475909153,0.3371865174219017,0.38473165526396136,0.3793119019372002
333,"Trenton-Ewing, NJ M.S.A.",0.3198297292890223,0.36295200967871993,0.0567794685441744,0.5393541759088474,0.26666467954463674,0.18397739569854005,0.18151778450650927,0.18046691045886845,0.2126445510860062
334,"Tucson, AZ M.S.A.4",0.30438178172050073,0.537706681005511,0.20440608675902783,0.3928412991197556,0.2763518994402703,0.0,0.28275990323838346,0.0,0.6367021211088718
335,"Tulsa, OK M.S.A.",0.42782232571711354,0.4301653448044089,0.36950331067978104,0.4611361460692525,0.4167633614440131,0.3050049173233559,0.37850909850714537,0.2617761778084685,0.45949832853719996
336,"Tuscaloosa, AL M.S.A.",0.308958951370433,0.34278800914101326,0.2646796764443822,0.36307175044946216,0.2896585201760306,0.35522156781706005,0.44334713624819677,0.3291906626044237,0.2639583906337876
337,"Tyler, TX M.S.A.",0.29794513690028335,0.42344401129183995,0.47607400548576995,0.18182773354502807,0.3124394548756522,0.32753564904689136,0.3053419219200675,0.33810213796591054,0.2654635965938559
338,"Utica-Rome, NY M.S.A.",0.18630510840740233,0.1613120043016533,0.18082076905606306,0.18445445842770103,0.18544106657355577,0.2110178107733327,0.18385137944181842,0.2298804692749872,0.0903123576040953
339,"Valdosta, GA M.S.A.",0.25696516487823284,0.25541067347761776,0.22362375303551763,0.2302762147143293,0.26719694437406716,0.31995761251350446,0.39750097113450766,0.2944982000345271,0.2664214549320811
340,"Vallejo-Fairfield, CA M.S.A.2",0.3382099261645319,0.5444280145180799,0.30660913013854174,0.5767120409068627,0.24707733382159755,0.2714298826474279,0.3418178058319768,0.20237057957133894,0.7192147751017044
341,"Victoria, TX M.S.A.",0.40529406884635283,0.4637720123672533,0.4769475357710649,0.2174344486212615,0.4583864711054714,0.34071984096203717,0.34465402121489097,0.3507129561664739,0.18377196403378787
342,"Vineland-Millville-Bridgeton, NJ M.S.A.",0.35372939200883374,0.42344401129183995,0.08211184681772912,0.5110439188400387,0.3235105633278048,0.2915377648842097,0.3209949587169105,0.29027764394320954,0.16338326512013604
343,"Virginia Beach-Norfolk-Newport News, VA-NC M.S.A.",0.24094507110346963,0.44360801182954657,0.17820017820017808,0.38846342431530073,0.18820884368659394,0.3079494752762355,0.21759875235244316,0.34058107904364227,0.2701160513795214
344,"Visalia-Porterville, CA M.S.A.",0.3404269927137179,0.537706681005511,0.20003843533255286,0.29711177006234124,0.3653465789210353,0.31960391185850395,0.32397477994199747,0.2813788811000701,0.6824056475327624
345,"Waco, TX M.S.A.",0.38827271921066686,0.25541067347761776,0.44287985464456026,0.2997384949450142,0.41058908942262035,0.3622602108515712,0.38755626656403624,0.3637941375458889,0.2129182248969277
346,"Warner Robins, GA M.S.A.",0.2531746962618826,0.40328001075413333,0.1956707839060779,0.25946204674402884,0.25197417025235735,0.3325493558315243,0.3096500971852536,0.3444202595845396,0.2584849144153576
347,"Washington-Arlington-Alexandria, DC-VA-MD-WV M.S.A.",0.27176944796473274,0.356230676166151,0.15548839078250834,0.5241775432534035,0.18874110851602435,0.22553722266110557,0.14145175454027817,0.23616045333857424,0.409005510422183
348,"Bethesda-Rockville-Frederick, MD M.D.",0.14861497707124072,0.12770533673880888,0.1109383462324638,0.28193513740689746,0.10283356504595573,0.1779644845635306,0.11818760810827303,0.1960143203976679,0.19362422122696188
349,"Washington-Arlington-Alexandria, DC-VA-MD-WV M.D.",0.3062412568907857,0.4167226777792711,0.16771781477663822,0.5921805318826034,0.21269302584039293,0.23887173735462663,0.14798582035914382,0.24741103207597198,0.46948742263583476
350,"Waterloo-Cedar Falls, IA M.S.A.",0.26998149107022795,0.1613120043016533,0.3249532661297366,0.1295850942118659,0.3124394548756522,0.20479267924532288,0.2376676687961019,0.1978322105213378,0.13382649354061393
351,"Wausau, WI M.S.A.",0.09247313058378934,0.0,0.17820017820017808,0.04407060636484629,0.09985288200114542,0.1583871533092497,0.13735898803835134,0.17320806248253615,0.06308181341740596
352,"Wenatchee-East Wenatchee, WA M.S.A.",0.11950703882870223,0.06049200161311999,0.37911214381802594,0.06595998038712093,0.10677232478374077,0.238500351666876,0.16862916017149407,0.2651322826521669,0.19403473194334414
353,"Wichita, KS M.S.A.",0.4158787736618213,0.19491867186449774,0.462971051206345,0.2399075392841301,0.4720124507388899,0.3359625671522797,0.3112656629096984,0.33577574710834696,0.39819539489078376
354,"Wichita Falls, TX M.S.A.",0.2581809755664961,0.3226240086033066,0.28040322157969205,0.2787246958836305,0.24335148001558468,0.370430695982084,0.3897821571177158,0.3681672438573746,0.2837997419255964
355,"Williamsport, PA M.S.A.",0.12029373986228434,0.11426266971367109,0.20877373818550277,0.1669429592098813,0.0909108328667145,0.17585112314990226,0.14163126184299427,0.19495918137483845,0.08292316470921476
356,"Wilmington, NC M.S.A.",0.2601834872883415,0.20164000537706667,0.24458847988259738,0.3009059282262021,0.24452246264033156,0.3310284430150219,0.4046094603220647,0.30417242649685444,0.306514668232081
357,"Winchester, VA-WV M.S.A.",0.11879185607090029,0.10754133620110222,0.39920334037981076,0.10098297882276037,0.0896333972760815,0.204226758197322,0.1766351858726316,0.21765102662484412,0.1443629352610917
358,"Winston-Salem, NC M.S.A.",0.3268385203154812,0.23524667293991106,0.26642673701497216,0.3009059282262021,0.34064949083546414,0.3702007905563337,0.47759712960642653,0.33829282574112063,0.26710563945938487
359,"Worcester, MA M.S.A.",0.336779560648928,0.11426266971367109,0.21401491989727273,0.21334843213710353,0.3954727682667966,0.19024673980842496,0.21336238000834343,0.17942448395438643,0.19950820816177417
360,"Yakima, WA M.S.A.",0.2461659052354237,0.6721333512568888,0.3826062649592059,0.2833944290083824,0.20577358305779755,0.4104077125135221,0.5021896300785307,0.3476365267264171,0.6949946428351516
361,"York-Hanover, PA M.S.A.",0.14911560500170204,0.1680333378142222,0.20003843533255286,0.25975390506432583,0.1000657879329176,0.1850561826962918,0.1173259730552358,0.21158715537316197,0.13902629594812244
362,"Youngstown-Warren-Boardman, OH-PA M.S.A.",0.21605671113196254,0.39655867724156435,0.21401491989727273,0.28981531205491634,0.1835249131876063,0.295578794867591,0.4035683179663113,0.25564874396504966,0.2840734157365179
363,"Yuba City, CA M.S.A.",0.2588246400485178,0.2822960075278933,0.28040322157969205,0.18737304163067098,0.2783745057921058,0.21933861868222082,0.24237076012726344,0.19212428978338117,0.4025741758655278
364,"Yuma, AZ M.S.A.",0.2659764676265371,0.3159026750907377,0.16946487534722818,0.11937005300147108,0.3268106052702734,0.23295609389974228,0.27234847968085035,0.21590941161125826,0.24302234409829276
